Point, Exec_Time, Error, Exact_Estimated_Calls
[31  9  2], 27.161471843719482, 0.0, [1 0]
[25  5  4], 37.64503765106201, 1007.396596809573, [2 0]
[18  6 14], 24.319274187088013, 712.3656851029741, [3 0]
[38  7 23], 0.001234292984008789, 712.3656851029741, [3 1]
[19 11  2], 0.002034425735473633, 712.3656851029741, [3 2]
[46  7 19], 0.0012879371643066406, 712.3656851029741, [3 3]
