Learn Time, Estimation
0.021030664443969727,0
0.018725156784057617,0
0.010099411010742188,1
0.009443283081054688,1
0.009175539016723633,1
