Point, Exec_Time, Error, Exact_Estimated_Calls
[31  9  2], 26.875577688217163, 0.0, [1, 0]
[25  5  4], 39.649171590805054, 1067.4768355788378, [2, 0]
[18  6 14], 0.0016427040100097656, 1067.4768355788378, [2, 1]
[38  7 23], 0.0010750293731689453, 1067.4768355788378, [2, 2]
[19 11  2], 0.0014045238494873047, 1067.4768355788378, [2, 3]
