Learn Time, Estimation
0.014307260513305664,0
0.009924888610839844,0
0.009437322616577148,0
0.009768247604370117,1
0.00974583625793457,1
0.010088682174682617,1
